"cargo","partido","nome","numero","foto"
"deputado_federal","Partido Teste 13","Modelo Teste 01","1322",""
"deputado_federal","Partido Teste 22","Modelo Teste 02","2210",""
"deputado_federal","Partido Teste 45","Modelo Teste 03","4501",""
"deputado_federal","Partido Teste 15","Modelo Teste 04","1515",""
"deputado_federal","Partido Teste 50","Modelo Teste 05","5050",""
"deputado_estadual","Partido Teste 13","Modelo Teste 01","13123",""
"deputado_estadual","Partido Teste 22","Modelo Teste 02","22222",""
"deputado_estadual","Partido Teste 45","Modelo Teste 03","45555",""
"deputado_estadual","Partido Teste 15","Modelo Teste 04","15000",""
"deputado_estadual","Partido Teste 55","Modelo Teste 05","55123",""
"senador","Partido Teste 13","Modelo Teste 01","131",""
"senador","Partido Teste 22","Modelo Teste 02","222",""
"senador","Partido Teste 15","Modelo Teste 03","151",""
"senador","Partido Teste 45","Modelo Teste 04","456",""
"senador","Partido Teste 55","Modelo Teste 05","555",""
"governador","Partido Teste 13","Modelo Teste 01","13",""
"governador","Partido Teste 22","Modelo Teste 02","22",""
"governador","Partido Teste 15","Modelo Teste 03","15",""
"governador","Partido Teste 45","Modelo Teste 04","45",""
"presidente","Partido Teste 13","Modelo Teste 01","13",""
"presidente","Partido Teste 22","Modelo Teste 02","22",""
"presidente","Partido Teste 15","Modelo Teste 03","15",""
"presidente","Partido Teste 45","Modelo Teste 04","45",""
